public	module-parameters
public	module-buffers
public	module-state-dict
public	module-load-state-dict!
public	module-train!
public	module-eval!
public	module-zero-grad!
public	parameter-tree-paths
public	parameter-tree-handle
public	parameter-tree-tie-groups
public	parameter-handle-path
public	parameter-handle-shape
public	parameter-handle-dtype
public	parameter-handle-device
public	state-dict-paths
public	state-dict-tensor
public	state-dict-alias-groups
public	state-dict-release!
internal	tensor-provider-create-internal
internal	tensor-provider-register-internal!
internal	module-create-internal
internal	module-create-with-provider-internal
internal	module-register-parameter-internal!
internal	module-register-tied-parameter-internal!
internal	module-register-buffer-internal!
internal	module-register-child-internal!
internal	module-mode-internal
internal	parameter-handle-tensor-internal
internal	parameter-handle-tensor-identity-internal
internal	state-entry-internal
internal	state-entry-path-internal
internal	state-entry-kind-internal
internal	state-entry-shape-internal
internal	state-entry-dtype-internal
internal	state-entry-device-internal
internal	state-entry-layout-internal
internal	state-dict-create-unsafe-internal
internal	state-dict-bind-provider-internal!
internal	state-dict-format-internal
internal	state-dict-version-internal
internal	state-dict-features-internal
internal	state-dict-adapter-internal
internal	state-dict-entries-internal
internal	state-dict-tensor-borrow-begin-internal
internal	state-dict-tensor-borrow-end-internal
internal	tensor-provider-preflight-internal
internal	tensor-provider-release-owned-internal!
internal	tensor-provider-admit-owned-internal!
internal	state-dict-adopt-owned-internal!
