source_commit	mode	blob	path
cc4749003cd65711f0c320d2f3cd398b305928eb	100644	49738011521ffb02a07e00cf1fcc6e2fa0546085	tests/tr3_reference/README.md
cc4749003cd65711f0c320d2f3cd398b305928eb	100644	4e4410057395dbc6dd3633d62477c208fe2b29ff	tests/tr3_reference/__init__.py
cc4749003cd65711f0c320d2f3cd398b305928eb	100644	969a20de36f7b37c341c8bbca60a00a2ae590887	tests/tr3_reference/constants.py
cc4749003cd65711f0c320d2f3cd398b305928eb	100644	af541268a8f8be60b625889235de7a8aca3b4ec9	tests/tr3_reference/corpus.py
cc4749003cd65711f0c320d2f3cd398b305928eb	100644	395c6783220da344b7d84d975c9b6d555ca17abc	tests/tr3_reference/generate_reference.py
cc4749003cd65711f0c320d2f3cd398b305928eb	100644	10d04a43f07a6a400172dcaf0ef525cb0dc6d75b	tests/tr3_reference/reference_manifest.json
cc4749003cd65711f0c320d2f3cd398b305928eb	100644	8c5878a76d61a23c0964407f265cba63f5582f6d	tests/tr3_reference/schema.py
cc4749003cd65711f0c320d2f3cd398b305928eb	100644	d09f0889c97b378fd86a25d3662a3d3c9c0adc6c	tests/tr3_reference/test_isolation.py
cc4749003cd65711f0c320d2f3cd398b305928eb	100644	e265b7811fcad5afd8e42d991884400f238b1f64	tests/tr3_reference/test_reference.py
cc4749003cd65711f0c320d2f3cd398b305928eb	100644	711b44bdfe669fcb4794e22108e4ad6dc995e58d	tests/tr3_reference/test_schema.py
